,word,part_of_speech,frequency
2549,good,adj,61
2523,old,adj,52
2557,sweet,adj,43
2544,dear,adj,40
2529,little,adj,38
2521,funny,adj,27
2509,long,adj,26
2531,young,adj,26
2552,blue,adj,26
2609,wonderful,adj,26
2844,middle,adj,25
2510,true,adj,24
2527,big,adj,22
2541,happy,adj,22
2561,warm,adj,19
2570,open,adj,18
2613,bright,adj,18
2532,lovely,adj,16
2558,low,adj,14
2559,cold,adj,14
2616,glad,adj,14
2520,high,adj,13
2528,right,adj,13
2580,lonely,adj,13
2612,double,adj,13
2555,mean,adj,12
2679,beautiful,adj,12
2572,deep,adj,11
2724,sunny,adj,11
2522,fine,adj,10
2534,cool,adj,10
2600,red,adj,10
2604,free,adj,10
2630,bare,adj,10
2673,sure,adj,10
2530,new,adj,9
2595,sad,adj,9
2514,live,adj,8
2550,small,adj,8
2551,soft,adj,8
2617,close,adj,8
2637,crazy,adj,8
2684,afraid,adj,8
2778,pretty,adj,8
2796,unforgettable,adj,8
2821,dead,adj,8
2538,light,adj,7
2545,quiet,adj,7
2594,bad,adj,7
2602,wrong,adj,7
2516,tall,adj,6
2525,worth,adj,6
2569,weak,adj,6
2583,tight,adj,6
2692,great,adj,6
2719,smooth,adj,6
2763,dark,adj,6
2779,white,adj,6
2814,green,adj,6
2838,hot,adj,6
2512,clear,adj,5
2548,late,adj,5
2584,nice,adj,5
2588,fair,adj,5
2597,real,adj,5
2667,rich,adj,5
2678,lucky,adj,5
2751,divine,adj,5
2774,accustomed,adj,5
2513,certain,adj,4
2535,gentle,adj,4
2574,starry,adj,4
2576,wise,adj,4
2579,stranger,adj,4
2603,hungry,adj,4
2629,know,adj,4
2683,fundamental,adj,4
2691,awful,adj,4
2718,lazy,adj,4
2721,overdue,adj,4
2727,complete,adj,4
2737,poor,adj,4
2793,simple,adj,4
2811,colored,adj,4
2818,papa,adj,4
2831,fancy,adj,4
2875,heavy,adj,4
2518,shy,adj,3
2524,flat,adj,3
2539,gay,adj,3
2542,golden,adj,3
2546,stupid,adj,3
2567,favorite,adj,3
2578,exciting,adj,3
2581,frightful,adj,3
2582,delightful,adj,3
2590,ant,adj,3
2592,silly,adj,3
2605,fresh,adj,3
2621,wee,adj,3
2622,wide,adj,3
2644,silent,adj,3
2668,alive,adj,3
2681,romantic,adj,3
2687,murmur,adj,3
2707,grand,adj,3
2711,quick,adj,3
2723,mandoline,adj,3
2726,okay,adj,3
2735,nosed,adj,3
2755,ole,adj,3
2759,second,adj,3
2761,thrill,adj,3
2799,stylish,adj,3
2809,mighty,adj,3
2819,jive,adj,3
2825,bless,adj,3
2826,sacred,adj,3
2830,favourite,adj,3
2845,abednego,adj,3
2511,final,adj,2
2540,olden,adj,2
2543,faithful,adj,2
2554,independent,adj,2
2556,short,adj,2
2562,tear,adj,2
2563,foolish,adj,2
2568,greek,adj,2
2571,smart,adj,2
2575,eyed,adj,2
2577,standin,adj,2
2589,polite,adj,2
2607,individual,adj,2
2608,run,adj,2
2610,fling,adj,2
2611,gray,adj,2
2615,jingle,adj,2
2619,bitter,adj,2
2620,tragic,adj,2
2624,awake,adj,2
2625,linger,adj,2
2634,taboo,adj,2
2635,leadin,adj,2
2636,ancient,adj,2
2642,gloomy,adj,2
2645,calm,adj,2
2651,brave,adj,2
2654,unreachable,adj,2
2656,willing,adj,2
2657,glorious,adj,2
2662,local,adj,2
2663,separate,adj,2
2665,extreme,adj,2
2669,restless,adj,2
2674,sorry,adj,2
2689,enchant,adj,2
2701,outside,adj,2
2709,volare,adj,2
2710,black,adj,2
2714,miss,adj,2
2720,someplace,adj,2
2728,friendly,adj,2
2731,kid,adj,2
2733,purple,adj,2
2736,shiny,adj,2
2738,foggy,adj,2
2741,tattered,adj,2
2756,french,adj,2
2762,satisfied,adj,2
2764,mayhem,adj,2
2765,regular,adj,2
2769,sonata,adj,2
2771,married,adj,2
2772,unafraid,adj,2
2776,accustom,adj,2
2783,brown,adj,2
2784,plain,adj,2
2786,fit,adj,2
2789,extraordinary,adj,2
2791,hard,adj,2
2794,merry,adj,2
2795,worthwhile,adj,2
2797,darle,adj,2
2798,incredible,adj,2
2800,strange,adj,2
2801,broken,adj,2
2802,doorstep,adj,2
2803,nous,adj,2
2813,yell,adj,2
2829,strong,adj,2
2839,moan,adj,2
2840,sigh,adj,2
2842,siree,adj,2
2848,rainy,adj,2
2849,nothin,adj,2
2850,rascal,adj,2
2855,sleepy,adj,2
2856,mammy,adj,2
2858,sunbeam,adj,2
2859,buzz,adj,2
2865,drown,adj,2
2894,direct,adj,2
2515,careful,adj,1
2517,amusing,adj,1
2519,naught,adj,1
2526,single,adj,1
2533,samba,adj,1
2536,balanço,adj,1
2537,porque,adj,1
2547,clever,adj,1
2553,blooded,adj,1
2560,glow,adj,1
2564,comic,adj,1
2565,laughable,adj,1
2566,unphotographable,adj,1
2573,exotic,adj,1
2585,ummm,adj,1
2586,unladylike,adj,1
2587,lush,adj,1
2591,stead,adj,1
2593,buttin,adj,1
2596,hum,adj,1
2598,underway,adj,1
2599,lock,adj,1
2601,sunburned,adj,1
2606,broad,adj,1
2614,sleighin,adj,1
2618,flicker,adj,1
2623,asleep,adj,1
2626,lose,adj,1
2627,fickle,adj,1
2628,lean,adj,1
2631,intense,adj,1
2632,common,adj,1
2633,wicked,adj,1
2638,inconceivable,adj,1
2639,unbelievable,adj,1
2640,brief,adj,1
2641,routine,adj,1
2643,anxious,adj,1
2646,mild,adj,1
2647,holy,adj,1
2648,alleluia,adj,1
2649,unbeatable,adj,1
2650,unbearable,adj,1
2652,unrightable,adj,1
2653,weary,adj,1
2655,hopeless,adj,1
2658,peaceful,adj,1
2659,fabulous,adj,1
2660,mere,adj,1
2661,gal,adj,1
2664,narrow,adj,1
2666,impossible,adj,1
2670,unimportant,adj,1
2671,mid,adj,1
2672,usual,adj,1
2675,wither,adj,1
2676,água,adj,1
2677,distant,adj,1
2680,icy,adj,1
2682,aware,adj,1
2685,upside,adj,1
2686,kind,adj,1
2688,wild,adj,1
2690,extra,adj,1
2693,dill,adj,1
2694,annabelle,adj,1
2695,lillian,adj,1
2696,handsome,adj,1
2697,attractive,adj,1
2698,active,adj,1
2699,come,adj,1
2700,cunning,adj,1
2702,swell,adj,1
2703,hurtin,adj,1
2704,delicious,adj,1
2705,tropical,adj,1
2706,vicious,adj,1
2708,lifelong,adj,1
2712,sick,adj,1
2713,napoli,adj,1
2715,native,adj,1
2716,charming,adj,1
2717,calabrese,adj,1
2722,passeggiar,adj,1
2725,kissable,adj,1
2729,yummy,adj,1
2730,busy,adj,1
2732,bunch,adj,1
2734,pony,adj,1
2739,steal,adj,1
2740,spell,adj,1
2742,stiff,adj,1
2743,unfortunate,adj,1
2744,devil,adj,1
2745,matter,adj,1
2746,obituary,adj,1
2747,lead,adj,1
2748,bootleg,adj,1
2749,public,adj,1
2750,improvise,adj,1
2752,hunch,adj,1
2753,clothe,adj,1
2754,honky,adj,1
2757,voyant,adj,1
2758,dearest,adj,1
2760,ashamed,adj,1
2766,due,adj,1
2767,nighttime,adj,1
2768,scent,adj,1
2770,key,adj,1
2773,vene,adj,1
2775,whistle,adj,1
2777,grateful,adj,1
2780,confess,adj,1
2781,miserable,adj,1
2782,internal,adj,1
2785,dry,adj,1
2787,forgiving,adj,1
2788,dirty,adj,1
2790,tiny,adj,1
2792,santa,adj,1
2804,ressemble,adj,1
2805,tous,adj,1
2806,doucement,adj,1
2807,amant,adj,1
2808,désuni,adj,1
2810,vain,adj,1
2812,hummin,adj,1
2815,disturbing,adj,1
2816,springtime,adj,1
2817,square,adj,1
2820,buzzard,adj,1
2822,occasional,adj,1
2823,fast,adj,1
2824,everyday,adj,1
2827,cheater,adj,1
2828,weeper,adj,1
2832,round,adj,1
2833,rash,adj,1
2834,suky,adj,1
2835,lotte,adj,1
2836,precious,adj,1
2837,fake,adj,1
2841,sighin,adj,1
2843,mockingbird,adj,1
2846,hotter,adj,1
2847,regal,adj,1
2851,lyin,adj,1
2852,dismal,adj,1
2853,louie,adj,1
2854,pale,adj,1
2857,nighty,adj,1
2860,song,adj,1
2861,future,adj,1
2862,dummy,adj,1
2863,pink,adj,1
2864,evil,adj,1
2866,stare,adj,1
2867,scared,adj,1
2868,scary,adj,1
2869,mischevous,adj,1
2870,nasty,adj,1
2871,cute,adj,1
2872,fright,adj,1
2873,genuine,adj,1
2874,outta,adj,1
2876,instrumental,adj,1
2877,upper,adj,1
2878,siamese,adj,1
2879,twin,adj,1
2880,argentine,adj,1
2881,shad,adj,1
2882,shallow,adj,1
2883,sentimental,adj,1
2884,courageous,adj,1
2885,yule,adj,1
2886,stew,adj,1
2887,steady,adj,1
2888,ready,adj,1
2889,screamin,adj,1
2890,secret,adj,1
2891,thеm,adj,1
2892,sinful,adj,1
2893,righteous,adj,1
2419,away,adv,46
2418,long,adv,27
2417,right,adv,23
2465,someday,adv,19
2428,way,adv,15
2429,far,adv,12
2437,soon,adv,12
2481,pretty,adv,11
2431,forever,adv,8
2438,well,adv,8
2460,maybe,adv,8
2467,amore,adv,7
2430,suddenly,adv,6
2432,finally,adv,6
2448,heavenly,adv,6
2495,dolly,adv,6
2427,apart,adv,5
2433,slowly,adv,5
2444,sure,adv,5
2482,home,adv,5
2423,ahead,adv,4
2459,hard,adv,4
2499,twice,adv,4
2500,meshach,adv,4
2421,gladly,adv,3
2445,sly,adv,3
2466,later,adv,3
2468,outside,adv,3
2506,yule,adv,3
2414,forevermore,adv,2
2420,sadly,adv,2
2422,straight,adv,2
2424,yore,adv,2
2434,low,adv,2
2439,near,adv,2
2440,late,adv,2
2443,deep,adv,2
2446,strictly,adv,2
2447,easy,adv,2
2462,silly,adv,2
2470,simply,adv,2
2472,completely,adv,2
2473,alphabetically,adv,2
2478,double,adv,2
2479,forward,adv,2
2480,ago,adv,2
2483,positively,adv,2
2490,funny,adv,2
2494,golly,adv,2
2508,doorstep,adv,2
2415,course,adv,1
2416,truly,adv,1
2425,undo,adv,1
2426,awfully,adv,1
2435,goodnight,adv,1
2436,oops,adv,1
2441,lovely,adv,1
2442,fast,adv,1
2449,afar,adv,1
2450,wrong,adv,1
2451,matter,adv,1
2452,practically,adv,1
2453,totally,adv,1
2454,vainly,adv,1
2455,terrifically,adv,1
2456,obviously,adv,1
2457,brightly,adv,1
2458,tenderly,adv,1
2461,anytime,adv,1
2463,gratefully,adv,1
2464,softly,adv,1
2469,close,adv,1
2471,imply,adv,1
2474,lightly,adv,1
2475,carefully,adv,1
2476,generously,adv,1
2477,unsightly,adv,1
2484,isse,adv,1
2485,serenely,adv,1
2486,surely,adv,1
2487,real,adv,1
2488,nice,adv,1
2489,badly,adv,1
2491,soft,adv,1
2492,firstborn,adv,1
2493,dead,adv,1
2496,pearly,adv,1
2497,dottly,adv,1
2498,laughin,adv,1
2501,live,adv,1
2502,south,adv,1
2503,sorta,adv,1
2504,kind,adv,1
2505,dragonfly,adv,1
2507,mreally,adv,1
324,love,noun,208
333,way,noun,98
321,heart,noun,89
359,dream,noun,83
394,day,noun,69
340,time,noun,68
330,life,noun,61
360,world,noun,58
319,baby,noun,52
424,night,noun,48
350,thing,noun,47
500,snow,noun,46
1359,spook,noun,40
1021,boom,noun,39
1270,wheel,noun,39
508,home,noun,36
355,people,noun,34
421,eye,noun,34
476,air,noun,34
322,song,noun,32
562,kiss,noun,32
389,girl,noun,30
530,tree,noun,29
485,arm,noun,27
318,word,noun,26
392,swing,noun,25
606,morning,noun,25
395,walk,noun,24
511,wind,noun,24
535,sky,noun,24
940,comin,noun,24
317,hand,noun,23
313,moon,noun,22
398,smile,noun,22
448,cause,noun,22
514,lot,noun,22
584,bell,noun,22
315,star,noun,21
349,man,noun,21
439,tonight,noun,21
561,fall,noun,21
1372,war,noun,21
382,town,noun,20
415,dance,noun,19
716,flower,noun,19
809,street,noun,19
411,year,noun,18
325,face,noun,17
393,sway,noun,17
430,summer,noun,17
597,thrill,noun,17
632,mess,noun,17
640,music,noun,17
802,boy,noun,17
864,mambo,noun,17
373,bird,noun,16
455,care,noun,16
470,booze,noun,16
473,land,noun,16
374,win,noun,15
429,head,noun,15
516,luck,noun,15
901,money,noun,15
487,gold,noun,14
527,know,noun,14
551,lip,noun,14
560,winter,noun,14
585,ring,noun,14
586,jingle,noun,14
588,horse,noun,14
1244,run,noun,14
1254,cheesecake,noun,14
327,friend,noun,13
354,blow,noun,13
414,evening,noun,13
477,hold,noun,13
504,light,noun,13
651,rain,noun,13
405,trouble,noun,12
433,ride,noun,12
486,whisper,noun,12
499,fire,noun,12
515,lady,noun,12
587,fun,noun,12
689,marriage,noun,12
805,ling,noun,12
1003,haven,noun,12
345,cry,noun,11
523,guy,noun,11
620,road,noun,11
643,mind,noun,11
652,talk,noun,11
691,brother,noun,11
897,sun,noun,11
955,memory,noun,11
1190,straighten,noun,11
1369,riverside,noun,11
316,spring,noun,10
357,tune,noun,10
370,think,noun,10
380,sleep,noun,10
454,hair,noun,10
465,fool,noun,10
466,use,noun,10
503,pop,noun,10
505,turn,noun,10
618,need,noun,10
760,coffee,noun,10
810,foot,noun,10
972,blame,noun,10
1035,feeling,noun,10
367,king,noun,9
379,today,noun,9
418,place,noun,9
436,wine,noun,9
493,moment,noun,9
605,hour,noun,9
611,sweetheart,noun,9
724,string,noun,9
922,style,noun,9
963,mister,noun,9
1261,chariot,noun,9
1330,necessity,noun,9
338,step,noun,8
344,laugh,noun,8
378,leave,noun,8
397,look,noun,8
409,mile,noun,8
479,fly,noun,8
491,wonder,noun,8
509,goodbye,noun,8
517,room,noun,8
532,hope,noun,8
576,wanna,noun,8
705,woman,noun,8
754,return,noun,8
778,egg,noun,8
923,child,noun,8
941,willow,noun,8
942,melody,noun,8
947,reindeer,noun,8
965,testify,noun,8
1093,difference,noun,8
1110,folk,noun,8
1246,saint,noun,8
1346,mama,noun,8
320,fill,noun,7
331,travel,noun,7
369,tell,noun,7
391,pass,noun,7
396,sea,noun,7
413,line,noun,7
426,wait,noun,7
444,nose,noun,7
507,storm,noun,7
531,plant,noun,7
555,charm,noun,7
557,sunshine,noun,7
589,sleigh,noun,7
616,call,noun,7
646,peace,noun,7
681,moonlight,noun,7
699,mother,noun,7
707,clown,noun,7
813,hurry,noun,7
969,sin,noun,7
1022,romance,noun,7
1029,bésame,noun,7
1248,zip,noun,7
1251,truth,noun,7
1418,potato,noun,7
346,share,noun,6
361,spin,noun,6
386,city,noun,6
406,sight,noun,6
412,fate,noun,6
423,lie,noun,6
445,touch,noun,6
447,arrange,noun,6
449,valentine,noun,6
457,skin,noun,6
528,ground,noun,6
572,rest,noun,6
583,feel,noun,6
621,lead,noun,6
622,finger,noun,6
648,glory,noun,6
669,fight,noun,6
688,darling,noun,6
690,carriage,noun,6
709,door,noun,6
717,power,noun,6
718,bloom,noun,6
721,drink,noun,6
725,rainbow,noun,6
748,kind,noun,6
825,break,noun,6
826,hat,noun,6
863,minute,noun,6
865,italiano,noun,6
888,magic,noun,6
890,sound,noun,6
898,country,noun,6
903,load,noun,6
920,dress,noun,6
959,wedding,noun,6
1066,wonderland,noun,6
1163,trip,noun,6
1271,faith,noun,6
1272,grace,noun,6
1320,worry,noun,6
1417,meat,noun,6
387,number,noun,5
420,somethin,noun,5
434,autumn,noun,5
446,change,noun,5
464,repeat,noun,5
474,band,noun,5
478,angel,noun,5
490,glance,noun,5
497,daaa,noun,5
498,weather,noun,5
501,sign,noun,5
559,window,noun,5
568,game,noun,5
581,meadow,noun,5
592,sigh,noun,5
624,witchcraft,noun,5
636,story,noun,5
655,shadow,noun,5
735,breeze,noun,5
742,cloud,noun,5
751,tomorrow,noun,5
816,floor,noun,5
848,wing,noun,5
884,rhythm,noun,5
885,bend,noun,5
887,dancer,noun,5
902,singe,noun,5
910,marshmallow,noun,5
925,corner,noun,5
980,shame,noun,5
1023,phrase,noun,5
1039,toast,noun,5
1062,innamorata,noun,5
1115,rock,noun,5
1154,start,noun,5
1173,flash,noun,5
1174,bam,noun,5
1202,speak,noun,5
1249,ay,noun,5
1293,rascal,noun,5
332,highway,noun,4
336,plan,noun,4
375,shake,noun,4
416,chance,noun,4
442,fear,noun,4
450,work,noun,4
518,date,noun,4
529,rubber,noun,4
544,bind,noun,4
548,bet,noun,4
575,grin,noun,4
579,couple,noun,4
657,sorrow,noun,4
673,kick,noun,4
703,earth,noun,4
719,beber,noun,4
720,water,noun,4
726,penny,noun,4
728,wave,noun,4
737,loneliness,noun,4
738,rise,noun,4
761,bean,noun,4
784,color,noun,4
830,sister,noun,4
886,ease,noun,4
889,technique,noun,4
891,violin,noun,4
895,sotto,noun,4
904,quarrel,noun,4
905,part,noun,4
918,sugar,noun,4
932,happiness,noun,4
948,name,noun,4
964,shoe,noun,4
967,soul,noun,4
1028,fact,noun,4
1030,mucho,noun,4
1076,nature,noun,4
1077,breathin,noun,4
1090,honey,noun,4
1120,bag,noun,4
1127,river,noun,4
1149,build,noun,4
1175,alakazam,noun,4
1177,watch,noun,4
1180,shout,noun,4
1187,monkey,noun,4
1218,imagination,noun,4
1222,tooth,noun,4
1276,clock,noun,4
1352,victory,noun,4
1374,scat,noun,4
314,play,noun,3
329,case,noun,3
347,tear,noun,3
365,poet,noun,3
383,blue,noun,3
390,ipanema,noun,3
408,yuletide,noun,3
417,drop,noun,3
419,spoil,noun,3
428,perfume,noun,3
451,art,noun,3
463,voice,noun,3
494,embrace,noun,3
502,corn,noun,3
506,goodnight,noun,3
522,gentleman,noun,3
534,pie,noun,3
538,oops,noun,3
541,hole,noun,3
542,dam,noun,3
543,balloon,noun,3
545,problem,noun,3
549,babe,noun,3
550,shine,noun,3
552,nothin,noun,3
554,cup,noun,3
558,drift,noun,3
563,pity,noun,3
564,wrong,noun,3
565,dinner,noun,3
573,tramp,noun,3
578,toy,noun,3
594,wander,noun,3
598,fault,noun,3
600,thought,noun,3
601,stream,noun,3
617,end,noun,3
650,sail,noun,3
682,stand,noun,3
708,bliss,noun,3
734,hypnotize,noun,3
752,twilight,noun,3
756,nearness,noun,3
777,ocean,noun,3
781,flavor,noun,3
806,vita,noun,3
807,bella,noun,3
817,listen,noun,3
818,fireplace,noun,3
837,coat,noun,3
838,knee,noun,3
839,plenty,noun,3
843,cantare,noun,3
857,hug,noun,3
858,sailor,noun,3
861,bed,noun,3
880,kid,noun,3
962,wife,noun,3
997,flame,noun,3
1018,job,noun,3
1020,tee,noun,3
1026,stuff,noun,3
1031,adore,noun,3
1054,lock,noun,3
1057,rent,noun,3
1064,search,noun,3
1080,trace,noun,3
1087,orchid,noun,3
1088,gown,noun,3
1106,cuckoo,noun,3
1118,bout,noun,3
1147,seat,noun,3
1148,bicycle,noun,3
1153,burn,noun,3
1171,business,noun,3
1179,ceiling,noun,3
1189,neck,noun,3
1191,diving,noun,3
1204,pharaohs,noun,3
1209,jeeper,noun,3
1215,lookin,noun,3
1227,macheath,noun,3
1233,spend,noun,3
1258,branch,noun,3
1277,shadrack,noun,3
1305,louie,noun,3
1322,rythm,noun,3
1342,chair,noun,3
1343,bottle,noun,3
1424,pot,noun,3
1429,ship,noun,3
323,worship,noun,2
341,bit,noun,2
343,doubt,noun,2
352,record,noun,2
353,show,noun,2
362,puppet,noun,2
363,pauper,noun,2
364,pirate,noun,2
366,pawn,noun,2
368,race,noun,2
371,try,noun,2
372,jump,noun,2
377,news,noun,2
381,heap,noun,2
384,brand,noun,2
385,wake,noun,2
410,gather,noun,2
427,right,noun,2
443,wrinkle,noun,2
452,figure,noun,2
453,mouth,noun,2
456,stay,noun,2
459,sacrifice,noun,2
460,sake,noun,2
461,spite,noun,2
462,warning,noun,2
467,reality,noun,2
468,stop,noun,2
480,honeymoon,noun,2
484,prayer,noun,2
524,dice,noun,2
525,party,noun,2
533,apple,noun,2
537,oop,noun,2
539,wall,noun,2
546,kerplop,noun,2
566,theatre,noun,2
571,dirt,noun,2
574,oke,noun,2
577,hide,noun,2
580,tot,noun,2
582,pick,noun,2
590,dash,noun,2
593,lover,noun,2
603,joke,noun,2
604,existence,noun,2
608,lesson,noun,2
619,cheer,noun,2
627,sense,noun,2
628,arouse,noun,2
629,pitch,noun,2
631,neon,noun,2
645,tender,noun,2
659,quest,noun,2
671,alcohol,noun,2
680,gate,noun,2
683,aglow,noun,2
685,serenade,noun,2
696,illusion,noun,2
697,conclusion,noun,2
698,dad,noun,2
702,treasure,noun,2
710,want,noun,2
732,cable,noun,2
733,setting,noun,2
736,meadowlark,noun,2
739,meet,noun,2
740,eternity,noun,2
741,catch,noun,2
745,package,noun,2
746,shower,noun,2
747,thunder,noun,2
753,dim,noun,2
766,juice,noun,2
767,planter,noun,2
771,dollar,noun,2
779,savor,noun,2
792,view,noun,2
793,crush,noun,2
801,napoli,noun,2
803,pizza,noun,2
808,tarantella,noun,2
811,scusami,noun,2
821,pour,noun,2
824,wish,noun,2
834,cigarette,noun,2
841,goodbyee,noun,2
853,volavo,noun,2
855,piu,noun,2
859,boat,noun,2
860,size,noun,2
866,mix,noun,2
872,advice,noun,2
875,feet,noun,2
877,school,noun,2
892,someplace,noun,2
894,tutta,noun,2
896,espresso,noun,2
899,roma,noun,2
908,feather,noun,2
909,alphabet,noun,2
911,whip,noun,2
912,cream,noun,2
913,evergreen,noun,2
914,red,noun,2
915,pumpkin,noun,2
916,snowball,noun,2
917,roll,noun,2
919,sidewalk,noun,2
938,sombrero,noun,2
943,cow,noun,2
944,ropene,noun,2
946,round,noun,2
950,guide,noun,2
951,history,noun,2
957,joy,noun,2
966,cleanse,noun,2
970,person,noun,2
971,testimony,noun,2
979,gin,noun,2
981,path,noun,2
989,cash,noun,2
991,spell,noun,2
994,ear,noun,2
995,caress,noun,2
996,arriverderci,noun,2
999,wear,noun,2
1004,wilt,noun,2
1013,match,noun,2
1014,tennessee,noun,2
1015,drinker,noun,2
1016,week,noun,2
1036,stare,noun,2
1037,boil,noun,2
1038,fry,noun,2
1040,monster,noun,2
1047,train,noun,2
1051,smoke,noun,2
1063,symphony,noun,2
1065,lane,noun,2
1067,snowman,noun,2
1068,figghiuzza,noun,2
1069,mia,noun,2
1070,lariulà,noun,2
1071,pesce,noun,2
1082,yesterday,noun,2
1083,squeak,noun,2
1086,trick,noun,2
1094,carry,noun,2
1116,cradle,noun,2
1117,cuddle,noun,2
1136,coal,noun,2
1142,help,noun,2
1146,forevermore,noun,2
1162,tip,noun,2
1167,stardust,noun,2
1172,orange,noun,2
1176,timber,noun,2
1178,glass,noun,2
1183,dot,noun,2
1185,demand,noun,2
1188,grab,noun,2
1194,oyster,noun,2
1198,lark,noun,2
1199,dove,noun,2
1203,pharaoh,noun,2
1207,point,noun,2
1210,creeper,noun,2
1211,peeper,noun,2
1220,weave,noun,2
1221,shark,noun,2
1228,body,noun,2
1230,cement,noun,2
1242,cat,noun,2
1250,shoulder,noun,2
1252,dee,noun,2
1255,munchin,noun,2
1260,breaking,noun,2
1263,elite,noun,2
1264,mississippi,noun,2
1273,church,noun,2
1278,nebuchadnezzer,noun,2
1279,idol,noun,2
1282,horn,noun,2
1288,talkin,noun,2
1289,vow,noun,2
1292,comb,noun,2
1298,dog,noun,2
1316,crave,noun,2
1317,longin,noun,2
1318,linger,noun,2
1319,dawn,noun,2
1344,leg,noun,2
1350,blossom,noun,2
1351,failure,noun,2
1355,fulfillment,noun,2
1356,secret,noun,2
1357,bolt,noun,2
1373,heebie,noun,2
1379,flea,noun,2
1405,sunset,noun,2
1406,groanie,noun,2
1407,stocking,noun,2
1419,tomato,noun,2
1426,steamin,noun,2
1438,preach,noun,2
1446,shade,noun,2
1448,cent,noun,2
1450,dust,noun,2
326,curtain,noun,1
328,state,noun,1
334,regret,noun,1
335,exemption,noun,1
337,chart,noun,1
339,byway,noun,1
342,chew,noun,1
348,subside,noun,1
351,kneel,noun,1
356,shoot,noun,1
358,stompin,noun,1
376,ball,noun,1
388,list,noun,1
399,num,noun,1
400,doce,noun,1
401,caminho,noun,1
402,tudo,noun,1
403,triste,noun,1
404,causa,noun,1
407,merry,noun,1
422,despise,noun,1
425,practice,noun,1
431,village,noun,1
432,stair,noun,1
435,vintage,noun,1
437,brim,noun,1
438,dreg,noun,1
440,cheek,noun,1
441,tenderness,noun,1
458,affair,noun,1
469,mentality,noun,1
471,bar,noun,1
472,float,noun,1
475,flute,noun,1
481,rarefy,noun,1
482,pack,noun,1
483,sayin,noun,1
488,stranger,noun,1
489,exchange,noun,1
492,invite,noun,1
495,dooob,noun,1
496,daa,noun,1
510,gloosy,noun,1
512,go,noun,1
513,gal,noun,1
519,pickin,noun,1
520,brush,noun,1
521,manner,noun,1
526,dame,noun,1
536,lettin,noun,1
540,ram,noun,1
547,plum,noun,1
553,taste,noun,1
556,surround,noun,1
567,crap,noun,1
569,pearl,noun,1
570,dish,noun,1
591,field,noun,1
595,thinking,noun,1
596,boss,noun,1
599,silence,noun,1
602,ember,noun,1
607,count,noun,1
609,stroll,noun,1
610,sand,noun,1
612,paint,noun,1
613,kite,noun,1
614,umbrella,noun,1
615,piper,noun,1
623,hither,noun,1
625,defense,noun,1
626,heat,noun,1
630,switch,noun,1
633,piece,noun,1
634,quarter,noun,1
635,cept,noun,1
637,episode,noun,1
638,nickel,noun,1
639,machine,noun,1
641,code,noun,1
642,thank,noun,1
644,torch,noun,1
647,quake,noun,1
649,host,noun,1
653,trust,noun,1
654,space,noun,1
656,foe,noun,1
658,dare,noun,1
660,follow,noun,1
661,matter,noun,1
662,honor,noun,1
663,justice,noun,1
664,calm,noun,1
665,scar,noun,1
666,courage,noun,1
667,exception,noun,1
668,spree,noun,1
670,ennui,noun,1
672,doesn,noun,1
674,cocaine,noun,1
675,sniff,noun,1
676,bore,noun,1
677,plane,noun,1
678,idea,noun,1
679,boot,noun,1
684,beam,noun,1
686,valley,noun,1
687,kissin,noun,1
692,institute,noun,1
693,disparage,noun,1
694,gentry,noun,1
695,elementary,noun,1
700,scheme,noun,1
701,seam,noun,1
704,adult,noun,1
706,breakup,noun,1
711,entrance,noun,1
712,flair,noun,1
713,farce,noun,1
714,queer,noun,1
715,career,noun,1
722,desert,noun,1
723,camará,noun,1
727,sycamore,noun,1
729,ski,noun,1
730,trail,noun,1
731,mountain,noun,1
743,fortune,noun,1
744,trade,noun,1
749,razzmatazz,noun,1
750,jazz,noun,1
755,delight,noun,1
757,conversation,noun,1
758,sensation,noun,1
759,grant,noun,1
762,cherry,noun,1
763,quota,noun,1
764,zillion,noun,1
765,ton,noun,1
768,politician,noun,1
769,daughter,noun,1
770,fine,noun,1
772,bill,noun,1
773,smell,noun,1
774,percolator,noun,1
775,grill,noun,1
776,percolate,noun,1
780,ketchup,noun,1
782,pickle,noun,1
783,outsell,noun,1
785,cruller,noun,1
786,dunk,noun,1
787,skill,noun,1
788,capture,noun,1
789,persistence,noun,1
790,resistance,noun,1
791,romeo,noun,1
794,sweetie,noun,1
795,nighttime,noun,1
796,notion,noun,1
797,emotion,noun,1
798,coo,noun,1
799,cottage,noun,1
800,mush,noun,1
804,amore,noun,1
812,ice,noun,1
814,father,noun,1
815,pace,noun,1
819,roar,noun,1
820,half,noun,1
822,neighbor,noun,1
823,cab,noun,1
827,pride,noun,1
828,answer,noun,1
829,welcome,noun,1
831,shore,noun,1
832,maiden,noun,1
833,aunt,noun,1
835,blizzard,noun,1
836,freeze,noun,1
840,pneumonia,noun,1
842,volare,noun,1
844,crowd,noun,1
845,glow,noun,1
846,confusion,noun,1
847,disillusion,noun,1
849,penso,noun,1
850,dal,noun,1
851,rapito,noun,1
852,lassù,noun,1
854,felice,noun,1
856,suonava,noun,1
862,scenery,noun,1
867,siciliano,noun,1
868,enchilada,noun,1
869,fish,noun,1
870,baccala,noun,1
871,rumba,noun,1
873,paisano,noun,1
874,square,noun,1
876,chadrool,noun,1
878,bambino,noun,1
879,vino,noun,1
881,looking,noun,1
882,cook,noun,1
883,marimba,noun,1
893,comè,noun,1
900,barrel,noun,1
906,adorable,noun,1
907,cutie,noun,1
921,holiday,noun,1
924,meeting,noun,1
926,rush,noun,1
927,santa,noun,1
928,scene,noun,1
929,bustle,noun,1
930,silver,noun,1
931,forgive,noun,1
933,cattle,noun,1
934,settle,noun,1
935,nest,noun,1
936,cowboy,noun,1
937,companion,noun,1
939,limb,noun,1
945,stray,noun,1
949,rudy,noun,1
952,rudolph,noun,1
953,mein,noun,1
954,beak,noun,1
956,grief,noun,1
958,moonbeam,noun,1
960,dwell,noun,1
961,blessing,noun,1
968,wage,noun,1
973,wrestling,noun,1
974,champion,noun,1
975,self,noun,1
976,health,noun,1
977,ravage,noun,1
978,pickpocket,noun,1
982,righteousness,noun,1
983,brain,noun,1
984,success,noun,1
985,crime,noun,1
986,rum,noun,1
987,gent,noun,1
988,bum,noun,1
990,disgrace,noun,1
992,ster,noun,1
993,mean,noun,1
998,bunch,noun,1
1000,suspender,noun,1
1001,belt,noun,1
1002,vest,noun,1
1005,tilt,noun,1
1006,button,noun,1
1007,class,noun,1
1008,draw,noun,1
1009,applause,noun,1
1010,masse,noun,1
1011,breakfast,noun,1
1012,grape,noun,1
1017,nashville,noun,1
1019,tik,noun,1
1024,pizzas,noun,1
1025,cheating,noun,1
1027,language,noun,1
1032,pavement,noun,1
1033,enchantment,noun,1
1034,tower,noun,1
1041,phone,noun,1
1042,pool,noun,1
1043,pet,noun,1
1044,broom,noun,1
1045,boxcar,noun,1
1046,midnight,noun,1
1048,destination,noun,1
1049,bangor,noun,1
1050,suit,noun,1
1052,stogie,noun,1
1053,engineer,noun,1
1055,trailer,noun,1
1056,sale,noun,1
1058,garden,noun,1
1059,grieve,noun,1
1060,farewell,noun,1
1061,mend,noun,1
1072,accattà,noun,1
1073,vene,noun,1
1074,semp,noun,1
1075,noon,noun,1
1078,content,noun,1
1079,habit,noun,1
1081,disappearin,noun,1
1084,shape,noun,1
1085,order,noun,1
1089,chase,noun,1
1091,friendship,noun,1
1092,cease,noun,1
1095,gee,noun,1
1096,see,noun,1
1097,bobtail,noun,1
1098,spirit,noun,1
1099,tail,noun,1
1100,speed,noun,1
1101,hitch,noun,1
1102,crack,noun,1
1103,prancer,noun,1
1104,save,noun,1
1105,miser,noun,1
1107,mo,noun,1
1108,revenue,noun,1
1109,ideal,noun,1
1111,affirm,noun,1
1112,worm,noun,1
1113,germ,noun,1
1114,stick,noun,1
1119,tend,noun,1
1121,stash,noun,1
1122,couch,noun,1
1123,shackle,noun,1
1124,bond,noun,1
1125,ink,noun,1
1126,stain,noun,1
1128,ivy,noun,1
1129,column,noun,1
1130,railroad,noun,1
1131,track,noun,1
1132,move,noun,1
1133,backroad,noun,1
1134,gurgle,noun,1
1135,crackling,noun,1
1137,pile,noun,1
1138,tin,noun,1
1139,breast,noun,1
1140,carol,noun,1
1141,choir,noun,1
1143,gladness,noun,1
1144,sadness,noun,1
1145,cling,noun,1
1150,dazzle,noun,1
1151,tempt,noun,1
1152,warmth,noun,1
1155,toi,noun,1
1156,vivion,noun,1
1157,que,noun,1
1158,ceux,noun,1
1159,qui,noun,1
1160,aiment,noun,1
1161,motor,noun,1
1164,purple,noun,1
1165,dusk,noun,1
1166,climb,noun,1
1168,inspiration,noun,1
1169,consolation,noun,1
1170,fairytale,noun,1
1181,stripe,noun,1
1182,polka,noun,1
1184,promise,noun,1
1186,begin,noun,1
1192,release,noun,1
1193,papa,noun,1
1195,champagne,noun,1
1196,bless,noun,1
1197,sneeze,noun,1
1200,vie,noun,1
1201,press,noun,1
1205,moses,noun,1
1206,weatherman,noun,1
1208,vane,noun,1
1212,git,noun,1
1213,heater,noun,1
1214,woe,noun,1
1216,swell,noun,1
1217,lap,noun,1
1219,feed,noun,1
1223,bite,noun,1
1224,scarlet,noun,1
1225,billow,noun,1
1226,glove,noun,1
1229,sneakin,noun,1
1231,drooppin,noun,1
1232,weight,noun,1
1234,tawdry,noun,1
1235,jenny,noun,1
1236,diver,noun,1
1237,form,noun,1
1238,satch,noun,1
1239,store,noun,1
1240,camp,noun,1
1241,gang,noun,1
1243,stage,noun,1
1245,gettin,noun,1
1247,deal,noun,1
1253,hallelujah,noun,1
1256,roopy,noun,1
1257,doot,noun,1
1259,plea,noun,1
1262,greet,noun,1
1265,vine,noun,1
1266,pine,noun,1
1267,sing,noun,1
1268,hurrying,noun,1
1269,creole,noun,1
1274,month,noun,1
1275,greed,noun,1
1280,trombone,noun,1
1281,clarinet,noun,1
1283,brimstone,noun,1
1284,meshach,noun,1
1285,hotter,noun,1
1286,oughtta,noun,1
1287,soldier,noun,1
1290,hill,noun,1
1291,berry,noun,1
1294,die,noun,1
1295,tickle,noun,1
1296,death,noun,1
1297,chicken,noun,1
1299,drag,noun,1
1300,chloe,noun,1
1301,reply,noun,1
1302,outstretche,noun,1
1303,swampland,noun,1
1304,chain,noun,1
1306,croon,noun,1
1307,pinewood,noun,1
1308,south,noun,1
1309,yes,noun,1
1310,steamboat,noun,1
1311,splash,noun,1
1312,banjo,noun,1
1313,southland,noun,1
1314,dreamy,noun,1
1315,hahahaha,noun,1
1321,chil,noun,1
1323,trance,noun,1
1324,reason,noun,1
1325,swinge,noun,1
1326,possessin,noun,1
1327,cross,noun,1
1328,maker,noun,1
1329,drifter,noun,1
1331,strife,noun,1
1332,bee,noun,1
1333,buzz,noun,1
1334,ant,noun,1
1335,stife,noun,1
1336,bear,noun,1
1337,backyard,noun,1
1338,act,noun,1
1339,thinkin,noun,1
1340,teach,noun,1
1341,treat,noun,1
1345,table,noun,1
1347,assail,noun,1
1348,cover,noun,1
1349,top,noun,1
1353,desire,noun,1
1354,request,noun,1
1358,downstairs,noun,1
1360,tease,noun,1
1361,hound,noun,1
1362,pup,noun,1
1363,spoof,noun,1
1364,son,noun,1
1365,scare,noun,1
1366,spouse,noun,1
1367,frown,noun,1
1368,duke,noun,1
1370,sword,noun,1
1371,study,noun,1
1375,singing,noun,1
1376,clerk,noun,1
1377,middle,noun,1
1378,educate,noun,1
1380,siam,noun,1
1381,sponge,noun,1
1382,cape,noun,1
1383,cod,noun,1
1384,clam,noun,1
1385,gainst,noun,1
1386,jellyfish,noun,1
1387,shock,noun,1
1388,waiter,noun,1
1389,shoal,noun,1
1390,sol,noun,1
1391,privacy,noun,1
1392,bowl,noun,1
1393,reed,noun,1
1394,centipede,noun,1
1395,katydid,noun,1
1396,rug,noun,1
1397,looka,noun,1
1398,giraffe,noun,1
1399,hippopotami,noun,1
1400,sloth,noun,1
1401,twig,noun,1
1402,effort,noun,1
1403,guinea,noun,1
1404,pig,noun,1
1408,strip,noun,1
1409,daddy,noun,1
1410,botherin,noun,1
1411,roast,noun,1
1412,beef,noun,1
1413,fix,noun,1
1414,ham,noun,1
1415,bone,noun,1
1416,cookin,noun,1
1420,food,noun,1
1421,alligator,noun,1
1422,pea,noun,1
1423,yesi,noun,1
1425,tomatoes,noun,1
1427,screamin,noun,1
1428,rice,noun,1
1430,debt,noun,1
1431,ther,noun,1
1432,loon,noun,1
1433,seeee,noun,1
1434,hunger,noun,1
1435,pollution,noun,1
1436,doin,noun,1
1437,keep,noun,1
1439,gospel,noun,1
1440,sink,noun,1
1441,lighten,noun,1
1442,repent,noun,1
1443,jail,noun,1
1444,whale,noun,1
1445,whoop,noun,1
1447,parade,noun,1
1449,rockefeller,noun,1
1451,like,other,115
1454,to,other,63
2162,yes,other,60
2165,cheesecake,other,55
1896,bon,other,54
1897,si,other,54
2105,lord,other,50
2360,yeah,other,39
1457,know,other,27
1847,mister,other,25
2403,somebody,other,25
1609,bell,other,24
1480,come,other,22
1482,new,other,20
2404,everybody,other,20
1979,houston,other,18
2355,hey,other,18
1542,win,other,17
1564,lady,other,17
1488,doesn,other,16
1525,christmas,other,16
1556,moon,other,16
1557,love,other,16
1797,roma,other,16
2395,till,other,16
2023,daisy,other,14
2164,munchin,other,14
2192,abednego,other,14
1452,near,other,13
1519,amor,other,13
1562,dee,other,13
1632,world,other,13
1699,chicago,other,13
1710,brazil,other,13
1848,booze,other,13
2186,ezekiel,other,13
2194,shadrack,other,13
2386,shall,other,13
1483,york,other,12
1558,lover,other,12
2005,bee,other,12
2323,tango,other,12
2334,waddnat,other,12
2335,fish,other,12
2375,let,other,12
1533,blue,other,11
1821,silver,other,11
2191,meshach,other,11
2350,ah,other,11
1490,hill,other,10
1528,star,other,10
1968,marie,other,10
2188,wheel,other,10
1532,red,other,9
1572,fella,other,9
1612,sleigh,other,9
1658,heaven,other,9
1730,bella,other,9
1895,est,other,9
2032,mona,other,9
2033,lisa,other,9
2176,orleans,other,9
2187,god,other,9
1568,isn,other,8
1613,rudolph,other,8
1679,til,other,8
1723,tippy,other,8
1824,mia,other,8
1850,man,other,8
1974,evenin,other,8
1978,goin,other,8
2101,moses,other,8
2206,blueberry,other,8
2383,get,other,8
1453,away,other,7
1571,baby,other,7
1587,sun,other,7
1611,jingle,other,7
1795,strette,other,7
1799,street,other,7
1829,tu,other,7
2102,egypt,other,7
2159,ohh,other,7
2178,basin,other,7
2251,hear,other,7
2273,heebie,other,7
1459,amore,other,6
1479,june,other,6
1489,king,other,6
1529,high,other,6
1591,miss,other,6
1620,couldn,other,6
1649,night,other,6
1691,vermont,other,6
1785,se,other,6
1789,hug,other,6
1814,tell,other,6
1831,rifle,other,6
1903,river,other,6
2057,kick,other,6
2058,route,other,6
2153,dah,other,6
2233,dum,other,6
2353,mm,other,6
2356,say,other,6
1527,shine,other,5
1565,nice,other,5
1643,road,other,5
1647,kind,other,5
1664,stand,other,5
1686,água,other,5
1755,blu,other,5
1761,cielo,other,5
1805,rome,other,5
1807,como,other,5
1832,pony,other,5
1861,brother,other,5
1881,tik,other,5
1987,rose,other,5
2152,zip,other,5
2189,middle,other,5
2274,jeebie,other,5
2318,start,other,5
2331,jonah,other,5
2378,try,other,5
2400,million,other,5
2410,half,other,5
1455,outside,other,4
1466,en,other,4
1467,bluebird,other,4
1486,wanna,other,4
1493,que,other,4
1495,mais,other,4
1524,merry,other,4
1526,hang,other,4
1552,bird,other,4
1559,sight,other,4
1570,stick,other,4
1585,toy,other,4
1592,darling,other,4
1600,california,other,4
1628,sea,other,4
1634,stare,other,4
1651,round,other,4
1662,bear,other,4
1663,long,other,4
1667,cover,other,4
1673,moonlight,other,4
1687,fall,other,4
1704,grin,other,4
1736,gosh,other,4
1793,luna,other,4
1802,italy,other,4
1806,romans,other,4
1815,mean,other,4
1828,solo,other,4
1841,santa,other,4
1877,music,other,4
1886,fà,other,4
1899,thrill,other,4
1931,brown,other,4
1932,mamma,other,4
2006,bout,other,4
2100,white,other,4
2136,marchin,other,4
2157,jesus,other,4
2158,hallelujah,other,4
2171,smilin,other,4
2242,azalea,other,4
2280,dance,other,4
2329,sayin,other,4
2390,beginning,other,4
1456,beneath,other,3
1475,kiss,other,3
1487,city,other,3
1492,tan,other,3
1534,green,other,3
1551,weather,other,3
1554,bay,other,3
1567,leave,other,3
1580,hope,other,3
1581,feelin,other,3
1590,embrace,other,3
1593,autumn,other,3
1595,tramp,other,3
1626,walk,other,3
1631,flyin,other,3
1644,joe,other,3
1648,holy,other,3
1672,sigh,other,3
1676,day,other,3
1684,fade,other,3
1700,town,other,3
1718,potato,other,3
1722,ting,other,3
1729,vita,other,3
1742,che,other,3
1750,mi,other,3
1760,nel,other,3
1788,italiano,other,3
1794,brille,other,3
1812,jack,other,3
1819,yum,other,3
1830,dream,other,3
1837,waitin,other,3
1838,reindeer,other,3
1844,glee,other,3
1846,house,other,3
1916,arm,other,3
1922,care,other,3
1935,cu,other,3
1939,lu,other,3
1941,isse,other,3
2039,aimais,other,3
2056,good,other,3
2088,buzzard,other,3
2098,eye,other,3
2138,saint,other,3
2139,march,other,3
2149,zoo,other,3
2154,actch,other,3
2155,satisfactch,other,3
2160,ground,other,3
2174,cryin,other,3
2193,babylon,other,3
2209,linger,other,3
2214,bill,other,3
2215,bailey,other,3
2216,chloe,other,3
2223,swing,other,3
2234,dummy,other,3
2263,watch,other,3
2264,dig,other,3
2332,whale,other,3
2351,ooh,other,3
2354,ear,other,3
2367,uh,other,3
2377,want,other,3
2399,billion,other,3
1458,past,other,2
1460,te,other,2
1462,dipinto,other,2
1468,là,other,2
1469,na,other,2
1473,mar,other,2
1477,spit,other,2
1494,coisa,other,2
1496,linda,other,2
1517,por,other,2
1530,bough,other,2
1535,hair,other,2
1540,breathless,other,2
1541,charm,other,2
1549,glide,other,2
1550,cheer,other,2
1553,acapulco,other,2
1555,perfect,other,2
1569,wander,other,2
1575,time,other,2
1576,gettin,other,2
1582,kilowatt,other,2
1589,dry,other,2
1598,harlem,other,2
1601,cold,other,2
1602,damp,other,2
1610,holiday,other,2
1615,bob,other,2
1618,spirit,other,2
1619,je,other,2
1621,cross,other,2
1622,wouldn,other,2
1625,float,other,2
1635,strip,other,2
1638,cause,other,2
1639,nicer,other,2
1640,witch,other,2
1642,turn,other,2
1654,mother,other,2
1660,christ,other,2
1661,savior,other,2
1665,ride,other,2
1666,hello,other,2
1675,break,other,2
1685,sky,other,2
1688,beber,other,2
1690,stream,other,2
1693,telegraph,other,2
1694,close,other,2
1701,roam,other,2
1708,union,other,2
1715,tea,other,2
1716,tomato,other,2
1717,juice,other,2
1721,pie,other,2
1724,gay,other,2
1725,drool,other,2
1726,pasta,other,2
1727,cloud,other,2
1741,rainbow,other,2
1752,le,other,2
1759,volare,other,2
1764,felice,other,2
1777,una,other,2
1780,mambo,other,2
1784,lo,other,2
1786,dice,other,2
1790,shore,other,2
1791,sway,other,2
1798,avenue,other,2
1803,plaza,other,2
1804,casa,other,2
1808,tutta,other,2
1810,celo,other,2
1816,snowball,other,2
1817,song,other,2
1818,roll,other,2
1834,darlin,other,2
1836,amarillo,other,2
1839,game,other,2
1840,eve,other,2
1842,nose,other,2
1843,shout,other,2
1845,rudy,other,2
1868,ze,other,2
1869,lonely,other,2
1870,outstretche,other,2
1875,bar,other,2
1876,jukebox,other,2
1879,train,other,2
1882,gira,other,2
1883,rigira,other,2
1884,biondina,other,2
1885,ci,other,2
1887,quando,other,2
1888,veggo,other,2
1889,piccina,other,2
1890,mio,other,2
1891,cor,other,2
1892,sempre,other,2
1898,france,other,2
1900,replace,other,2
1901,slight,other,2
1902,rest,other,2
1917,enfold,other,2
1918,live,other,2
1920,tree,other,2
1929,pretend,other,2
1930,parson,other,2
1933,maritare,other,2
1934,figlia,other,2
1936,dare,other,2
1937,pensace,other,2
1938,piglio,other,2
1942,vai,other,2
1945,mane,other,2
1946,tene,other,2
1947,ncappa,other,2
1948,fantasia,other,2
1950,baccalà,other,2
1951,uei,other,2
1952,cumpà,other,2
1954,eggi,other,2
1958,scuppetta,other,2
1960,quanto,other,2
1961,sonno,other,2
1962,agiu,other,2
1964,famme,other,2
1965,durmi,other,2
1971,thee,other,2
1980,hole,other,2
1988,sweetest,other,2
1989,gal,other,2
1990,livin,other,2
1992,field,other,2
1993,glue,other,2
1997,singe,other,2
2002,dad,other,2
2003,pretty,other,2
2004,lovin,other,2
2015,dun,other,2
2018,nip,other,2
2038,qui,other,2
2040,et,other,2
2045,vie,other,2
2047,san,other,2
2060,louis,other,2
2071,hip,other,2
2072,timely,other,2
2076,haunt,other,2
2080,wall,other,2
2089,air,other,2
2090,monkey,other,2
2103,israel,other,2
2104,land,other,2
2112,gee,other,2
2116,swayin,other,2
2117,band,other,2
2118,playin,other,2
2119,old,other,2
2128,mack,other,2
2137,marching,other,2
2145,catlett,other,2
2150,loo,other,2
2151,trummy,other,2
2161,friend,other,2
2167,sympathy,other,2
2168,bend,other,2
2169,jordan,other,2
2170,comin,other,2
2172,laughin,other,2
2179,moss,other,2
2195,fool,other,2
2196,golden,other,2
2197,idol,other,2
2199,furnace,other,2
2203,gospel,other,2
2211,moan,other,2
2212,cookin,other,2
2213,honey,other,2
2222,mama,other,2
2247,wish,other,2
2272,whatcha,other,2
2307,coney,other,2
2308,island,other,2
2309,crazy,other,2
2310,callin,other,2
2311,cat,other,2
2312,nick,other,2
2313,lick,other,2
2314,peppermint,other,2
2315,place,other,2
2344,pat,other,2
2357,well,other,2
2359,quote,other,2
2370,huh,other,2
2371,nah,other,2
2373,cool,other,2
2374,not,other,2
2380,stop,other,2
2382,forget,other,2
2389,keep,other,2
2393,fly,other,2
2397,seventeen,other,2
2398,thirty,other,2
2401,ninety,other,2
2406,les,other,2
2411,santo,other,2
1461,vento,other,1
1463,soltanto,other,1
1464,forward,other,1
1465,foremost,other,1
1470,up,other,1
1471,down,other,1
1472,jupiter,other,1
1474,word,other,1
1476,mention,other,1
1478,april,other,1
1481,july,other,1
1484,vagabond,other,1
1485,shoe,other,1
1491,tall,other,1
1497,cheia,other,1
1498,graça,other,1
1499,ela,other,1
1500,menina,other,1
1501,vem,other,1
1502,passa,other,1
1503,moça,other,1
1504,corpo,other,1
1505,dourado,other,1
1506,sol,other,1
1507,ipanema,other,1
1508,seu,other,1
1509,balançado,other,1
1510,parece,other,1
1511,poema,other,1
1512,eu,other,1
1513,já,other,1
1514,vi,other,1
1515,passar,other,1
1516,tão,other,1
1518,causa,other,1
1520,nem,other,1
1521,olha,other,1
1522,para,other,1
1523,mim,other,1
1531,someplace,other,1
1536,limousine,other,1
1537,chauffeur,other,1
1538,drive,other,1
1539,keg,other,1
1543,mentality,other,1
1544,yell,other,1
1545,bombay,other,1
1546,peru,other,1
1547,llama,other,1
1548,rarefy,other,1
1560,dooby,other,1
1561,doooby,other,1
1563,wee,other,1
1566,dame,other,1
1573,luck,other,1
1574,chin,other,1
1577,low,other,1
1578,ram,other,1
1579,scram,other,1
1583,dam,other,1
1584,problem,other,1
1586,fine,other,1
1588,sunshine,other,1
1594,devil,other,1
1596,baron,other,1
1597,earl,other,1
1599,ermine,other,1
1603,crap,other,1
1604,sharpie,other,1
1605,fraud,other,1
1606,lincolns,other,1
1607,ford,other,1
1608,dish,other,1
1614,horse,other,1
1616,tail,other,1
1617,makin,other,1
1623,chord,other,1
1624,guitar,other,1
1627,mountain,other,1
1629,sheep,other,1
1630,blowin,other,1
1633,lullaby,other,1
1636,conscience,other,1
1637,switch,other,1
1641,go,other,1
1645,drinkin,other,1
1646,buddy,other,1
1650,calm,other,1
1652,yon,other,1
1653,virgin,other,1
1655,child,other,1
1656,infant,other,1
1657,shepherd,other,1
1659,alleluia,other,1
1668,strove,other,1
1669,ounce,other,1
1670,champagne,other,1
1671,hand,other,1
1674,serenade,other,1
1677,fairy,other,1
1678,tale,other,1
1680,stephen,other,1
1681,sondheim,other,1
1682,rich,other,1
1683,pair,other,1
1689,camará,other,1
1692,snowlight,other,1
1695,penny,other,1
1696,fallin,other,1
1697,umbrella,other,1
1698,trade,other,1
1702,call,other,1
1703,home,other,1
1705,tuggin,other,1
1706,wrigley,other,1
1707,building,other,1
1709,stockyard,other,1
1711,amber,other,1
1712,clung,other,1
1713,pale,other,1
1714,soda,other,1
1719,perfume,other,1
1720,ham,other,1
1728,napoli,other,1
1731,starlight,other,1
1732,spell,other,1
1733,sir,other,1
1734,mind,other,1
1735,suspicious,other,1
1737,lip,other,1
1738,delicious,other,1
1739,madden,other,1
1740,feather,other,1
1743,un,other,1
1744,sogno,other,1
1745,cosi,other,1
1746,non,other,1
1747,ritorni,other,1
1748,mai,other,1
1749,più,other,1
1751,dipingevo,other,1
1753,mani,other,1
1754,faccia,other,1
1756,poi,other,1
1757,improvviso,other,1
1758,incominciavo,other,1
1762,infinito,other,1
1763,cantare,other,1
1765,alto,other,1
1766,del,other,1
1767,sole,other,1
1768,ed,other,1
1769,sù,other,1
1770,mentre,other,1
1771,mondo,other,1
1772,pian,other,1
1773,piano,other,1
1774,spariva,other,1
1775,lontano,other,1
1776,laggiù,other,1
1778,musica,other,1
1779,lassù,other,1
1781,tarantella,other,1
1782,mozzarella,other,1
1783,giovanno,other,1
1787,siciliano,other,1
1792,cè,other,1
1796,comè,other,1
1800,strada,other,1
1801,evening,other,1
1809,sottèr,other,1
1811,matter,other,1
1813,jill,other,1
1820,sweetheart,other,1
1822,shopper,other,1
1823,crush,other,1
1825,ritorna,other,1
1826,cara,other,1
1827,amo,other,1
1833,limb,other,1
1835,whippoorwill,other,1
1849,testify,other,1
1851,year,other,1
1852,united,other,1
1853,states,other,1
1854,olympic,other,1
1855,heavyweight,other,1
1856,waste,other,1
1857,sung,other,1
1858,shame,other,1
1859,stiff,other,1
1860,demijohn,other,1
1862,sister,other,1
1863,helpless,other,1
1864,soul,other,1
1865,surgeon,other,1
1866,demon,other,1
1867,mr,other,1
1871,mile,other,1
1872,pearl,other,1
1873,astor,other,1
1874,hutton,other,1
1878,florida,other,1
1880,rhythm,other,1
1893,boom,other,1
1894,ciao,other,1
1904,seine,other,1
1905,left,other,1
1906,bank,other,1
1907,eiffel,other,1
1908,tower,other,1
1909,meatball,other,1
1910,notre,other,1
1911,gigi,other,1
1912,mimi,other,1
1913,mademoiselle,other,1
1914,frank,other,1
1915,bésame,other,1
1919,lilac,other,1
1921,lark,other,1
1923,bliss,other,1
1924,maine,other,1
1925,tender,other,1
1926,innamorata,other,1
1927,ring,other,1
1928,winter,other,1
1940,pesciaiole,other,1
1943,sempe,other,1
1944,pesce,other,1
1949,pesculia,other,1
1953,calamare,other,1
1955,mezz,other,1
1956,mare,other,1
1957,pulezia,other,1
1959,accattà,other,1
1963,perso,other,1
1966,notte,other,1
1967,abbraciata,other,1
1969,perse,other,1
1970,window,other,1
1972,listen,other,1
1973,strata,other,1
1975,grinin,other,1
1976,mandolinin,other,1
1977,sott,other,1
1981,haven,other,1
1982,pillow,other,1
1983,head,other,1
1984,lonesome,other,1
1985,rain,other,1
1986,florist,other,1
1991,life,other,1
1994,mo,other,1
1995,shut,other,1
1996,jerry,other,1
1998,nut,other,1
1999,sanitary,other,1
2000,hoo,other,1
2001,funny,other,1
2007,dip,other,1
2008,cup,other,1
2009,soup,other,1
2010,caldron,other,1
2011,yard,other,1
2012,beard,other,1
2013,backroad,other,1
2014,lee,other,1
2016,chestnut,other,1
2017,frost,other,1
2019,turkey,other,1
2020,mistletoe,other,1
2021,goody,other,1
2022,ache,other,1
2024,plant,other,1
2025,dart,other,1
2026,tandem,other,1
2027,wife,other,1
2028,dark,other,1
2029,despise,other,1
2030,policeman,other,1
2031,lamp,other,1
2034,mystic,other,1
2035,strangeness,other,1
2036,une,other,1
2037,chanson,other,1
2041,aimai,other,1
2042,ensemble,other,1
2043,toi,other,1
2044,moi,other,1
2046,sépare,other,1
2048,faire,other,1
2049,bruit,other,1
2050,mer,other,1
2051,efface,other,1
2052,sur,other,1
2053,des,other,1
2054,west,other,1
2055,travel,other,1
2059,st,other,1
2061,joplin,other,1
2062,missouri,other,1
2063,oklahoma,other,1
2064,gallup,other,1
2065,mexico,other,1
2066,flagstaff,other,1
2067,arizona,other,1
2068,winona,other,1
2069,kingman,other,1
2070,bernardino,other,1
2073,trip,other,1
2074,die,other,1
2075,melody,other,1
2077,reverie,other,1
2078,stardust,other,1
2079,garden,other,1
2081,bright,other,1
2082,nightingale,other,1
2083,paradise,other,1
2084,wonderful,other,1
2085,orange,other,1
2086,mindin,other,1
2087,alakazam,other,1
2091,straighten,other,1
2092,choke,other,1
2093,papa,other,1
2094,chile,other,1
2095,con,other,1
2096,carne,other,1
2097,sparkle,other,1
2099,apart,other,1
2106,pharaoh,other,1
2107,bold,other,1
2108,vane,other,1
2109,creeper,other,1
2110,light,other,1
2111,git,other,1
2113,belong,other,1
2114,glowin,other,1
2115,crowin,other,1
2120,wrap,other,1
2121,little,other,1
2122,faith,other,1
2123,jackknife,other,1
2124,macheath,other,1
2125,sidewalk,other,1
2126,sunday,other,1
2127,mornin,other,1
2129,knife,other,1
2130,lookie,other,1
2131,louie,other,1
2132,miller,other,1
2133,lenya,other,1
2134,lucy,other,1
2135,meetin,other,1
2140,billy,other,1
2141,tyree,other,1
2142,banjo,other,1
2143,marty,other,1
2144,napoleon,other,1
2146,backin,other,1
2147,danny,other,1
2148,barcelona,other,1
2156,shoulder,other,1
2163,trial,other,1
2166,run,other,1
2173,shinin,other,1
2175,mississippi,other,1
2177,earth,other,1
2180,spring,other,1
2181,mardi,other,1
2182,gra,other,1
2183,oleander,other,1
2184,com,other,1
2185,dear,other,1
2190,satan,other,1
2198,fiery,other,1
2200,angel,other,1
2201,snow,other,1
2202,power,other,1
2204,burn,other,1
2205,jumpin,other,1
2207,climb,other,1
2208,afternoon,other,1
2210,weddin,other,1
2217,nightshade,other,1
2218,space,other,1
2219,needn,other,1
2220,whisper,other,1
2221,sycamore,other,1
2224,knee,other,1
2225,blame,other,1
2226,heartbreaker,other,1
2227,huckleberry,other,1
2228,recipie,other,1
2229,fonder,other,1
2230,big,other,1
2231,act,other,1
2232,workin,other,1
2235,lou,other,1
2236,siana,other,1
2237,way,other,1
2238,fragrance,other,1
2239,divine,other,1
2240,magnificent,other,1
2241,regalia,other,1
2243,naïve,other,1
2244,ease,other,1
2245,pomp,other,1
2246,cypress,other,1
2248,dreamer,other,1
2249,fate,other,1
2250,moma,other,1
2252,mouse,other,1
2253,swear,other,1
2254,raise,other,1
2255,lordy,other,1
2256,faucet,other,1
2257,drip,other,1
2258,shutter,other,1
2259,spike,other,1
2260,wail,other,1
2261,loud,other,1
2262,clear,other,1
2265,jive,other,1
2266,shield,other,1
2267,riverside,other,1
2268,tide,other,1
2269,contributorsweet,other,1
2270,georgia,other,1
2271,lyricsthis,other,1
2275,talk,other,1
2276,insane,other,1
2277,hust,other,1
2278,strain,other,1
2279,oughta,other,1
2281,boy,other,1
2282,chop,other,1
2283,dell,other,1
2284,spain,other,1
2285,lithuanian,other,1
2286,lett,other,1
2287,amsterdam,other,1
2288,finns,other,1
2289,boston,other,1
2290,oyster,other,1
2291,electric,other,1
2292,eel,other,1
2293,roe,other,1
2294,english,other,1
2295,goldfish,other,1
2296,mosquito,other,1
2297,ladybug,other,1
2298,gentleman,other,1
2299,moth,other,1
2300,ball,other,1
2301,locust,other,1
2302,chimpanzee,other,1
2303,kangaroo,other,1
2304,pit,other,1
2305,pekingese,other,1
2306,ritz,other,1
2316,piece,other,1
2317,doorthen,other,1
2319,wait,other,1
2320,palpitatin,other,1
2321,meatand,other,1
2322,meat,other,1
2324,nap,other,1
2325,bе,other,1
2326,gasser,other,1
2327,wha,other,1
2328,ol,other,1
2330,wave,other,1
2333,wide,other,1
2336,swallow,other,1
2337,belly,other,1
2338,bad,other,1
2339,sinner,other,1
2340,swum,other,1
2341,ocean,other,1
2342,sick,other,1
2343,free,other,1
2345,rover,other,1
2346,parade,other,1
2347,rockefeller,other,1
2348,babe,other,1
2349,sure,other,1
2352,um,other,1
2358,ancora,other,1
2361,mhm,other,1
2362,nag,other,1
2363,okay,other,1
2364,eskimos,other,1
2365,goodbye,other,1
2366,wow,other,1
2368,ay,other,1
2369,yah,other,1
2372,sorry,other,1
2376,find,other,1
2379,have,other,1
2381,need,other,1
2384,use,other,1
2385,send,other,1
2387,ought,other,1
2388,hate,other,1
2391,remember,other,1
2392,occur,other,1
2394,learn,other,1
2396,cos,other,1
2402,thousand,other,1
2405,andwhat,other,1
2407,deux,other,1
2408,pas,other,1
2409,walkin,other,1
2412,tot,other,1
2413,lookedinthe,other,1
1,let,verb,125
17,go,verb,117
13,get,verb,109
7,know,verb,80
49,come,verb,76
11,find,verb,60
19,say,verb,50
47,hear,verb,44
3,sing,verb,43
6,see,verb,39
40,tell,verb,39
54,look,verb,37
12,think,verb,36
14,feel,verb,35
45,leave,verb,31
112,love,verb,28
0,fly,verb,26
2,hold,verb,24
88,fall,verb,24
62,make,verb,23
73,kiss,verb,23
93,wait,verb,23
59,try,verb,22
33,want,verb,21
108,mean,verb,21
295,study,verb,20
58,stay,verb,19
72,bring,verb,18
279,carry,verb,18
55,grow,verb,17
63,begin,verb,17
15,take,verb,15
31,start,verb,15
94,meet,verb,15
30,die,verb,13
111,believe,verb,13
22,keep,verb,12
86,learn,verb,12
99,need,verb,12
10,lose,verb,11
21,cause,verb,11
57,speak,verb,11
4,adore,verb,10
9,stand,verb,10
20,kick,verb,10
81,forget,verb,10
27,lay,verb,9
37,walk,verb,9
87,remember,verb,9
104,play,verb,9
116,set,verb,9
132,ask,verb,9
277,weep,verb,9
52,live,verb,8
69,turn,verb,8
79,stop,verb,8
80,run,verb,8
101,win,verb,8
109,give,verb,8
119,bend,verb,8
51,hide,verb,7
68,appear,verb,7
74,hate,verb,7
117,listen,verb,7
124,return,verb,7
140,send,verb,7
23,pick,verb,6
48,meaning,verb,6
61,thought,verb,6
70,smile,verb,6
100,bother,verb,6
113,miss,verb,6
125,face,verb,6
156,hit,verb,6
157,shine,verb,6
170,sway,verb,6
223,build,verb,6
26,buy,verb,5
75,sit,verb,5
133,happen,verb,5
173,wish,verb,5
182,hurry,verb,5
8,eat,verb,4
24,deny,verb,4
38,pass,verb,4
44,spend,verb,4
50,fill,verb,4
67,beat,verb,4
84,treat,verb,4
130,rose,verb,4
145,throw,verb,4
149,recall,verb,4
153,wear,verb,4
198,testify,verb,4
200,put,verb,4
234,call,verb,4
290,loving,verb,4
18,change,verb,3
32,spread,verb,3
39,watch,verb,3
65,use,verb,3
76,glow,verb,3
83,pray,verb,3
95,teach,verb,3
98,seek,verb,3
114,guess,verb,3
123,understand,verb,3
143,wave,verb,3
152,serve,verb,3
162,grab,verb,3
163,cloud,verb,3
174,passeggiare,verb,3
189,rudolph,verb,3
193,add,verb,3
197,sustain,verb,3
205,burn,verb,3
208,cry,verb,3
217,frown,verb,3
220,pay,verb,3
244,answer,verb,3
245,afford,verb,3
247,wander,verb,3
276,willow,verb,3
292,overcome,verb,3
5,end,verb,2
25,quit,verb,2
29,roll,verb,2
34,stray,verb,2
35,wake,verb,2
36,melt,verb,2
42,allow,verb,2
43,merry,verb,2
56,laugh,verb,2
71,doob,verb,2
78,worry,verb,2
82,refuse,verb,2
85,escort,verb,2
97,draw,verb,2
102,broke,verb,2
105,bounce,verb,2
107,fling,verb,2
115,proceed,verb,2
118,talk,verb,2
122,worship,verb,2
126,fight,verb,2
127,reach,verb,2
134,survive,verb,2
135,derive,verb,2
142,warbling,verb,2
158,signore,verb,2
167,beginning,verb,2
171,telling,verb,2
172,disappear,verb,2
177,cover,verb,2
178,freeze,verb,2
180,feeling,verb,2
184,possess,verb,2
190,join,verb,2
191,won,verb,2
199,choose,verb,2
201,sound,verb,2
202,roma,verb,2
203,save,verb,2
204,yearn,verb,2
207,broken,verb,2
209,romancing,verb,2
210,obey,verb,2
211,godere,verb,2
214,cling,verb,2
215,dream,verb,2
219,means,verb,2
224,conspire,verb,2
225,fritt,verb,2
232,suppose,verb,2
238,pull,verb,2
243,offer,verb,2
265,goin,verb,2
273,got,verb,2
274,headin,verb,2
278,weeping,verb,2
305,sleepin,verb,2
306,flip,verb,2
311,shake,verb,2
312,pitter,verb,2
16,ride,verb,1
28,cut,verb,1
41,olha,verb,1
46,drink,verb,1
53,pour,verb,1
60,resist,verb,1
64,have,verb,1
66,toot,verb,1
77,oooooh,verb,1
89,punch,verb,1
90,stead,verb,1
91,ram,verb,1
92,burst,verb,1
96,drain,verb,1
103,rest,verb,1
106,rung,verb,1
110,surround,verb,1
120,drown,verb,1
121,explode,verb,1
128,lie,verb,1
129,scorn,verb,1
131,breeze,verb,1
136,decide,verb,1
137,write,verb,1
138,ground,verb,1
139,approve,verb,1
141,timing,verb,1
144,contain,verb,1
146,clown,verb,1
147,sleeve,verb,1
148,entertaining,verb,1
150,excite,verb,1
151,accuse,verb,1
154,swell,verb,1
155,pardon,verb,1
159,amore,verb,1
160,scurry,verb,1
161,lend,verb,1
164,enjoy,verb,1
165,venivo,verb,1
166,dolce,verb,1
168,mambo,verb,1
169,goomba,verb,1
175,ragged,verb,1
176,idolize,verb,1
179,marshmallow,verb,1
181,blink,verb,1
183,hurt,verb,1
185,stream,verb,1
186,redwing,verb,1
187,canyon,verb,1
188,hang,verb,1
192,mit,verb,1
194,fold,verb,1
195,sip,verb,1
196,stir,verb,1
206,dress,verb,1
212,ravie,verb,1
213,surprised,verb,1
216,powering,verb,1
218,push,verb,1
221,forgot,verb,1
222,glisten,verb,1
226,scuppettea,verb,1
227,blow,verb,1
228,hope,verb,1
229,stick,verb,1
230,doubt,verb,1
231,frighten,verb,1
233,thank,verb,1
235,bind,verb,1
236,curse,verb,1
237,roughen,verb,1
239,pretend,verb,1
240,roast,verb,1
241,season,verb,1
242,spy,verb,1
246,pedal,verb,1
248,tempt,verb,1
249,tout,verb,1
250,sable,verb,1
251,barstow,verb,1
252,steal,verb,1
253,remind,verb,1
254,remain,verb,1
255,refrain,verb,1
256,orange,verb,1
257,destroy,verb,1
258,touching,verb,1
259,cast,verb,1
260,vie,verb,1
261,oppress,verb,1
262,smite,verb,1
263,way,verb,1
264,complain,verb,1
266,promise,verb,1
267,thrive,verb,1
268,oozin,verb,1
269,tugboat,verb,1
270,unfold,verb,1
271,lead,verb,1
272,gon,verb,1
275,dootle,verb,1
280,replace,verb,1
281,embrace,verb,1
282,darling,verb,1
283,hypocrite,verb,1
284,reel,verb,1
285,bow,verb,1
286,fried,verb,1
287,going,verb,1
288,belong,verb,1
289,relax,verb,1
291,swamp,verb,1
293,check,verb,1
294,beware,verb,1
296,ring,verb,1
297,ting,verb,1
298,dutch,verb,1
299,mention,verb,1
300,shad,verb,1
301,forbid,verb,1
302,refined,verb,1
303,educate,verb,1
304,admit,verb,1
307,work,verb,1
308,expect,verb,1
309,womani,verb,1
310,solve,verb,1
